{"_timestamp":1.7691903410161676e+09,"_wandb":{"runtime":1307},"_runtime":1307,"_step":3993,"loss":1.6452524662017822}